Tract ID	% White	% At Least High School	% Employed	Median Income	Affordable Units	Radius	Borough
1021600	0.22968197879858643	0.28268551236749123	0.365248226950355	0.2996389891696751	179	183	Manhattan
2007100	0.21726190476190463	0.6071428571428555	0.2955223880597013	0.5866261398176292	44	116	Bronx
2037504	0.6517857142857126	0.08630952380952386	0.11940298507462695	0.02127659574468085	171	180	Bronx
3035900	0.033288948069241	0.20106524633821599	0.07066666666666666	0.12566844919786097	274	215	Brooklyn
3036300	0.07323568575233022	0.3035952063914779	0.6186666666666675	0.10294117647058823	400	250	Brooklyn
2007700	0.48511904761904656	0.4464285714285704	0.4955223880597	0.331306990881459	24	98	Bronx
2015700	0.19940476190476183	0.33928571428571364	0.05373134328358211	0.5167173252279635	823	336	Bronx
1002800	0.3286219081272089	0.2084805653710246	0.18439716312056753	0.13357400722021662	172	181	Manhattan
2021501	0.35714285714285654	0.4880952380952369	0.5731343283582079	0.3191489361702128	206	193	Bronx
1002202	0.44876325088339347	0.46289752650176813	0.5638297872340425	0.4223826714801444	9	80	Manhattan
1021900	0.02826855123674912	0.038869257950530034	0.3262411347517734	0.02527075812274368	58	126	Manhattan
2008900	0.4226190476190468	0.017857142857142856	0.9462686567164194	0.12462006079027356	114	156	Bronx
3020500	0.5805592543275593	0.8215712383488614	0.907999999999998	0.8355614973262032	41	114	Brooklyn
4019800	0.16307692307692337	0.11692307692307707	0.029230769230769223	0.08878504672897196	13	86	Queens
4021200	0.3123076923076931	0.0323076923076923	0.08307692307692312	0.06542056074766354	9	80	Queens
1023600	0.007067137809187279	0.3180212014134279	0.014184397163120567	0.21299638989169675	140	168	Manhattan
3032700	0.28628495339547283	0.5432756324900104	0.2960000000000003	0.47459893048128343	54	123	Brooklyn
3087401	0.10386151797603187	0.5339547270306231	0.21733333333333327	0.11096256684491979	16	90	Brooklyn
3082200	0.1890812250332892	0.4300932090545923	0.5813333333333345	0.2713903743315508	19	93	Brooklyn
2026701	0.4999999999999989	0.6726190476190458	0.6298507462686558	0.5562310030395137	98	148	Bronx
2018500	0.0803571428571429	0.5238095238095225	0.09850746268656722	0.3343465045592705	781	329	Bronx
2022101	0.23214285714285696	0.08928571428571434	0.6597014925373126	0.3009118541033435	191	188	Bronx
3030700	0.06790945406125166	0.1930758988015981	0.18799999999999997	0.06016042780748663	117	158	Brooklyn
4087100	0.21538461538461587	0.22153846153846207	0.35384615384615475	0.0264797507788162	143	169	Queens
2019300	0.3928571428571421	0.38095238095238015	0.15522388059701503	0.20972644376899696	176	182	Bronx
3036900	0.16511318242343553	0.11451398135818894	0.39200000000000085	0.13368983957219252	125	161	Brooklyn
3080000	0.3395472703062577	0.7057256990679043	0.2800000000000002	0.6163101604278075	29	103	Brooklyn
3031701	0.33688415446071845	0.8801597869507247	0.5520000000000013	0.5227272727272727	23	97	Brooklyn
1002201	0.2544169611307419	0.2261484098939928	0.14539007092198591	0.19133574007220217	1187	394	Manhattan
1009900	0.5088339222614857	0.621908127208483	0.5212765957446811	0.8339350180505415	375	243	Manhattan
3035700	0.08788282290279623	0.34753661784287554	0.13200000000000017	0.04411764705882353	27	101	Brooklyn
3035100	0.27430093209054623	0.2676431424766981	0.20533333333333326	0.05748663101604278	102	150	Brooklyn
1002601	0.34275618374558353	0.18374558303886915	0.34397163120567414	0.2815884476534296	67	131	Manhattan
3030300	0.02263648468708388	0.07723035952063913	0.09333333333333341	0.034759358288770054	91	145	Brooklyn
2008300	0.181547619047619	0.03571428571428571	0.4597014925373122	0.1094224924012158	195	189	Bronx
2007500	0.22321428571428556	0.40773809523809434	0.8388059701492543	0.2796352583586626	95	147	Bronx
2002701	0.5892857142857129	0.1874999999999999	0.3791044776119396	0.11854103343465046	122	160	Bronx
2008500	0.23511904761904742	0.09226190476190482	0.3850746268656709	0.3525835866261398	235	203	Bronx
2006500	0.5029761904761894	0.5476190476190462	0.6567164179104469	0.16109422492401215	303	224	Bronx
2040501	0.27678571428571397	0.47619047619047505	0.5701492537313422	0.5197568389057751	67	131	Bronx
2038500	0.1428571428571429	0.14880952380952384	0.23283582089552257	0.12158054711246201	16	90	Bronx
3044900	0.3901464713715033	0.13049267643142462	0.16000000000000003	0.18315508021390375	53	122	Brooklyn
3049100	0.3821571238348856	0.14380825565912111	0.6400000000000007	0.16711229946524064	6	74	Brooklyn
1019400	0.04240282685512367	0.02473498233215548	0.2872340425531918	0.08664259927797834	25	100	Manhattan
1018200	0.10954063604240277	0.12720848056537096	0.3049645390070925	0.05415162454873646	133	165	Manhattan
1018800	0.26148409893992924	0.04240282685512367	0.15602836879432636	0.11191335740072202	21	95	Manhattan
1019600	0.1413427561837455	0.06713780918727913	0.3191489361702131	0.02888086642599278	16	90	Manhattan
1018000	0.11307420494699641	0.2544169611307419	0.22340425531914915	0.148014440433213	23	97	Manhattan
1017800	0.3356890459363962	0.2473498233215546	0.3936170212765962	0.16967509025270758	35	109	Manhattan
1016600	0.3780918727915202	0.2261484098939928	0.35106382978723444	0.19855595667870035	53	122	Manhattan
1012900	0.515901060070673	0.5936395759717337	0.4007092198581565	0.6931407942238267	243	205	Manhattan
1019300	0.3745583038869265	0.2367491166077737	0.18085106382978738	0.15162454873646208	176	182	Manhattan
3005900	0.676431424766972	0.801597869507317	0.2653333333333333	0.6403743315508021	44	116	Brooklyn
1025700	0.28975265017667856	0.44169611307420614	0.33687943262411385	0.48014440433212996	130	164	Manhattan
4028800	0.10000000000000007	0.6153846153846141	0.2138461538461543	0.46417445482866043	3	67	Queens
1018300	0.7385159010600739	0.579505300353359	0.7695035460992887	0.6064981949458483	124	161	Manhattan
1003602	0.5017667844522984	0.40282685512367583	0.07801418439716312	0.4981949458483754	65	130	Manhattan
4036800	0.0938461538461539	0.9230769230769149	0.2784615384615391	0.7445482866043613	1	60	Queens
3055500	0.7416777629826835	0.9560585885485932	0.9066666666666647	0.9665775401069518	393	248	Brooklyn
2021700	0.16666666666666666	0.18452380952380942	0.4417910447761183	0.19148936170212766	326	230	Bronx
3080400	0.1917443408788285	0.35818908122503257	0.11600000000000016	0.14572192513368984	46	117	Brooklyn
2022901	0.6398809523809508	0.13095238095238101	0.31044776119402956	0.23404255319148937	6	74	Bronx
2003900	0.6369047619047603	0.05952380952380955	0.7970149253731345	0.3130699088145897	392	247	Bronx
2024300	0.18749999999999997	0.4107142857142848	0.28955223880597003	0.10030395136778116	75	136	Bronx
2007600	0.6874999999999982	0.21726190476190455	0.7880597014925373	0.5045592705167173	55	124	Bronx
1007800	0.653710247349826	0.9081272084805698	0.42907801418439767	0.7725631768953068	91	145	Manhattan
1000800	0.010600706713780918	0.0035335689045936395	0.2588652482269506	0.08303249097472924	1610	451	Manhattan
3021700	0.3874833555259641	0.8402130492676361	0.408000000000001	0.606951871657754	13	86	Brooklyn
1023700	0.21908127208480552	0.1413427561837455	0.3617021276595749	0.22743682310469315	70	133	Manhattan
2005200	0.6636904761904745	0.19047619047619035	0.5074626865671626	0.0425531914893617	101	150	Bronx
1009500	0.6961130742049499	0.9328621908127255	0.340425531914894	0.9025270758122743	37	110	Manhattan
2020900	0.31547619047619	0.36309523809523736	0.6925373134328352	0.3617021276595745	87	143	Bronx
3027300	0.16378162450066588	0.40213049267643014	0.45733333333333465	0.19385026737967914	50	120	Brooklyn
3056300	0.7603195739014582	0.664447403462046	0.7079999999999999	0.7513368983957219	308	225	Brooklyn
1015100	0.40282685512367583	0.3851590106007075	0.4822695035460999	0.4151624548736462	616	298	Manhattan
1003400	0.7208480565371056	0.5017667844522984	0.5992907801418437	0.4187725631768953	46	117	Manhattan
1017300	0.6784452296819816	0.4275618374558315	0.8581560283687913	0.7292418772563177	202	192	Manhattan
2011900	0.38095238095238027	0.14583333333333337	0.3492537313432831	0.1762917933130699	103	151	Bronx
3030100	0.10252996005326223	0.4793608521970685	0.06799999999999999	0.4117647058823529	79	138	Brooklyn
1021500	0.12014134275618368	0.26148409893992924	0.29078014184397194	0.17328519855595667	74	136	Manhattan
3111600	0.26364846870838926	0.384820239680425	0.5813333333333345	0.22058823529411764	24	98	Brooklyn
2015300	0.10119047619047626	0.5119047619047606	0.38208955223880525	0.0972644376899696	179	183	Bronx
1017000	0.1978798586572437	0.16254416961130733	0.1524822695035462	0.1407942238267148	64	130	Manhattan
3115000	0.1997336884154464	0.1797603195739016	0.26133333333333325	0.29010695187165775	22	96	Brooklyn
3116400	0.34354194407456656	0.271637816245007	0.19599999999999998	0.30213903743315507	31	105	Brooklyn
3116000	0.21704394141145178	0.14780292942743006	0.5440000000000013	0.07085561497326204	8	78	Brooklyn
4024000	0.27076923076923143	0.041538461538461524	0.021538461538461538	0.07476635514018691	65	130	Queens
1022500	0.25088339222614825	0.13780918727915187	0.17021276595744694	0.3212996389891697	48	119	Manhattan
1022700	0.2756183745583039	0.27915194346289757	0.2801418439716315	0.3104693140794224	396	248	Manhattan
3004700	0.7030625832223645	0.7416777629826841	0.2559999999999999	0.9478609625668449	26	100	Brooklyn
3005100	0.8189081225033217	0.8255659121171702	0.9626666666666641	0.8957219251336899	2	64	Brooklyn
1000201	0.15547703180212005	0.014134275618374558	0.9078014184397128	0.039711191335740074	23	97	Manhattan
3037700	0.2516644474034626	0.6418109187749624	0.3053333333333337	0.2994652406417112	24 + 2*""	50 + Floor[10*Sqrt[24 + 2*""]]	Brooklyn
3037900	0.1944074567243678	0.3235685752330223	0.29733333333333367	0.303475935828877	32 + 3*""	50 + Floor[10*Sqrt[32 + 3*""]]	Brooklyn
3028900	0.28229027962716396	0.310252996005326	0.012000000000000002	0.2807486631016043	22 + ""	50 + Floor[10*Sqrt[22 + ""]]	Brooklyn
3022900	0.4114513981358173	0.6897470039946688	0.6173333333333342	0.5508021390374331	40 + 4*""	50 + Floor[10*Sqrt[40 + 4*""]]	Brooklyn
3037500	0.35019973368841467	0.15312916111850863	0.12666666666666687	0.42914438502673796	56 + ""	50 + Floor[10*Sqrt[56 + ""]]	Brooklyn
3025300	0.4327563249001313	0.6031957390146434	0.3013333333333337	0.3783422459893048	8 + ""	50 + Floor[10*Sqrt[8 + ""]]	Brooklyn
3090800	0.1424766977363515	0.1091877496671104	0.033333333333333326	0.0053475935828877	185 + 2*""	50 + Floor[10*Sqrt[185 + 2*""]]	Brooklyn
3026100	0.3715046604527286	0.6178428761651092	0.721333333333333	0.26737967914438504	36 + ""	50 + Floor[10*Sqrt[36 + ""]]	Brooklyn
3037100	0.04394141145139813	0.40612516644473906	0.2866666666666669	0.45989304812834225	24 + ""	50 + Floor[10*Sqrt[24 + ""]]	Brooklyn
3029500	0.3035952063914779	0.7017310252995954	0.7746666666666656	0.6029411764705882	12 + ""	50 + Floor[10*Sqrt[12 + ""]]	Brooklyn
3024300	0.3768308921438071	0.2969374167776298	0.6573333333333339	0.6056149732620321	8 + ""	50 + Floor[10*Sqrt[8 + ""]]	Brooklyn
2002500	0.6845238095238078	0.11607142857142866	0.7791044776119403	0.0364741641337386	173	181	Bronx
2004100	0.5833333333333319	0.0952380952380953	0.12537313432835828	0.06990881458966565	96	147	Bronx
1016400	0.27208480565371024	0.22968197879858643	0.2127659574468087	0.17689530685920576	680	310	Manhattan
3043700	0.511318242343539	0.04394141145139814	0.06266666666666663	0.35427807486631013	24	98	Brooklyn
2036100	0.2648809523809521	0.1785714285714285	0.005970149253731343	0.08206686930091185	246	206	Bronx
2036300	0.47916666666666563	0.0803571428571429	0.01791044776119403	0.060790273556231005	260	211	Bronx
3091600	0.057256990679094545	0.21970705725699108	0.27333333333333343	0.13636363636363635	82	140	Brooklyn
2014500	0.08630952380952386	0.24404761904761874	0.0656716417910448	0.18541033434650456	143	169	Bronx
1022400	0.04593639575971731	0.11307420494699641	0.19503546099290797	0.07220216606498195	185	186	Manhattan
1011500	0.4240282685512378	0.48056537102473645	0.39007092198581605	0.5415162454873647	42	114	Manhattan
2006700	0.3869047619047612	0.005952380952380952	0.4208955223880588	0.1398176291793313	102	150	Bronx
2002702	0.5505952380952368	0.01488095238095238	0.7104477611940294	0.03343465045592705	51	121	Bronx
2003300	0.5267857142857131	0.07738095238095243	0.1701492537313434	0.11246200607902736	36	110	Bronx
1002602	0.42049469964664415	0.3745583038869265	0.8936170212765924	0.4332129963898917	45	117	Manhattan
3117602	0.4101198402130477	0.41944074567243533	0.5906666666666677	0.08689839572192513	17	91	Brooklyn
3117400	0.6338215712383442	0.4287616511318227	0.7586666666666659	0.5949197860962567	5	72	Brooklyn
3117000	0.32356857523302224	0.06924101198402131	0.11066666666666682	0.21657754010695188	5	72	Brooklyn
2040302	0.43452380952380865	0.22619047619047594	0.5313432835820882	0.2917933130699088	40	113	Bronx
1018400	0.09540636042402822	0.24028268551236734	0.29787234042553223	0.07581227436823104	29	103	Manhattan
1024200	0.08480565371024731	0.14840989399293278	0.24468085106383003	0.021660649819494584	564	287	Manhattan
1015400	0.7491166077738549	0.4876325088339238	0.43617021276595797	0.49458483754512633	231	201	Manhattan
1013900	0.6077738515901083	0.4770318021201428	0.546099290780142	0.5667870036101083	17	91	Manhattan
2008700	0.532738095238094	0.2291666666666664	0.8507462686567171	0.4133738601823708	130 + 2*""	50 + Floor[10*Sqrt[130 + 2*""]]	Bronx
1022000	0.10600706713780914	0.3639575971731455	0.35815602836879473	0.3140794223826715	77	137	Manhattan
3036600	0.6364846870838834	0.47403462050599	0.8653333333333317	0.22593582887700533	179	183	Brooklyn
3022600	0.39414114513981224	0.035952063914780286	0.9866666666666636	0.49732620320855614	36	110	Brooklyn
3036502	0.1810918774966713	0.22503328894806968	0.02533333333333333	0.07754010695187166	15	88	Brooklyn
1023400	0.060070671378091856	0.2932862190812722	0.04255319148936169	0.2490974729241877	33	107	Manhattan
2005100	0.3363095238095233	0.1398809523809524	0.05970149253731346	0.0668693009118541	122	160	Bronx
2036501	0.24107142857142835	0.3273809523809518	0.011940298507462687	0.14285714285714285	29	103	Bronx
2018101	0.07440476190476195	0.2976190476190471	0.6238805970149244	0.3677811550151976	5	72	Bronx
2017701	0.03273809523809523	0.10416666666666674	0.3432835820895518	0.2674772036474164	146	170	Bronx
2013100	0.17559523809523808	0.21130952380952361	0.6626865671641783	0.2735562310030395	36	110	Bronx
3003900	0.6644474034620454	0.8295605858854791	0.6613333333333338	0.9545454545454546	202	192	Brooklyn
1021200	0.03180212014134276	0.4134275618374568	0.09574468085106386	0.34657039711191334	21	95	Manhattan
1022600	0.07067137809187277	0.30035335689045956	0.4148936170212771	0.21660649819494585	42	114	Manhattan
1021800	0.13780918727915187	0.31095406360424055	0.1595744680851065	0.30685920577617326	86	142	Manhattan
2016100	0.4464285714285705	0.02976190476190476	0.19701492537313448	0.0060790273556231	804	333	Bronx
3037401	0.9001331557922686	0.7896138482023904	0.5933333333333343	0.5601604278074866	190	187	Brooklyn
1013300	0.5229681978798604	0.5406360424028287	0.3865248226950359	0.5054151624548736	112	155	Manhattan
3119600	0.2649800266311589	0.38082556591211614	0.6773333333333335	0.1537433155080214	101	150	Brooklyn
1019800	0.16607773851590096	0.3462897526501772	0.32269503546099326	0.4404332129963899	135	166	Manhattan
3038500	0.2556591211717715	0.30625832223701716	0.08533333333333337	0.27406417112299464	118	158	Brooklyn
3020300	0.5565912117177061	0.850865512649793	0.1973333333333333	0.9625668449197861	61	128	Brooklyn
1009300	0.45936395759717447	0.5088339222614857	0.4255319148936175	0.4729241877256318	1314	412	Manhattan
3033000	0.41944074567243506	0.1717709720372837	0.009333333333333334	0.05213903743315508	153	173	Brooklyn
2039600	0.01488095238095238	0.7470238095238074	0.15223880597014935	0.5349544072948328	84	141	Bronx
3021300	0.31291611185086526	0.7070572569906739	0.03999999999999999	0.26336898395721925	320	228	Brooklyn
3035400	0.9880159786950636	0.9414114513981273	0.5840000000000011	0.5868983957219251	2585	558	Brooklyn
3054500	0.8641810918774888	0.20772303595206423	0.5280000000000014	0.013368983957219251	534	281	Brooklyn
2004300	0.41666666666666585	0.11309523809523818	0.34626865671641743	0.1641337386018237	105	152	Bronx
1017402	0.24381625441696098	0.33215547703180254	0.13120567375886533	0.23104693140794225	6	74	Manhattan
3033600	0.8202396804260913	0.8308921438082487	0.32933333333333387	0.7165775401069518	41	114	Brooklyn
2014100	0.5476190476190463	0.45833333333333226	0.552238805970148	0.49240121580547114	287	219	Bronx
3013900	0.708388814913443	0.7563249001331499	0.6346666666666675	0.9438502673796791	8	78	Brooklyn
3061004	0.9201065246338129	0.8521970705725627	0.649333333333334	0.05481283422459893	5	72	Brooklyn
3032600	0.3981358189081211	0.06258322237017314	0.030666666666666658	0.040106951871657755	375	243	Brooklyn
3034200	0.46338215712383257	0.2902796271637817	0.01466666666666667	0.014705882352941176	6	74	Brooklyn
2026300	0.488095238095237	0.35416666666666596	0.5402985074626852	0.49544072948328266	46	117	Bronx
2024100	0.15476190476190477	0.37202380952380876	0.32537313432835785	0.23100303951367782	132	164	Bronx
2027700	0.4107142857142849	0.4791666666666655	0.4238805970149244	0.49848024316109424	18	92	Bronx
2015900	0.6964285714285696	0.2470238095238092	0.5552238805970137	0.0243161094224924	471	267	Bronx
1020102	0.27915194346289757	0.4240282685512378	0.31560283687943297	0.35379061371841153	93	146	Manhattan
5009601	0.407407407407407	0.31481481481481455	0.7129629629629635	0.2616822429906542	100	150	Staten Island
2033202	0.705357142857141	0.3839285714285706	0.23880597014925392	0.6200607902735562	271	214	Bronx
3107000	0.20905459387483388	0.910785619174426	0.29200000000000026	0.8342245989304813	504	274	Brooklyn
3105801	0.440745672436749	0.2849533954727032	0.1626666666666667	0.06550802139037433	1	60	Brooklyn
3035500	0.23035952063914827	0.4007989347536605	0.5320000000000014	0.28475935828877	58	126	Brooklyn
3032100	0.2902796271637817	0.36351531291611106	0.2359999999999999	0.3195187165775401	20	94	Brooklyn
3027900	0.19573901464713744	0.4873501997336862	0.2186666666666666	0.6497326203208557	3	67	Brooklyn
3025700	0.3581890812250324	0.3342210386151793	0.09733333333333342	0.5427807486631016	4	70	Brooklyn
2038000	0.05952380952380955	0.7708333333333311	0.14029850746268666	0.5106382978723404	127	162	Bronx
1006800	0.6925795053003563	0.611307420494702	0.3546099290780146	0.6787003610108303	376	243	Manhattan
1022800	0.05653710247349822	0.3957597173144885	0.03191489361702127	0.18050541516245489	256	210	Manhattan
3035000	0.9720372836218282	0.8641810918774893	0.20399999999999993	0.12433155080213903	1576	446	Brooklyn
4033000	0.06307692307692304	0.8123076923076865	0.16769230769230797	0.8317757009345794	1	60	Queens
3115200	0.12516644474034608	0.20505992010652493	0.5786666666666678	0.16443850267379678	13	86	Brooklyn
4019000	0.15230769230769256	0.5353846153846159	0.3338461538461547	0.7725856697819314	1	60	Queens
3022700	0.3382157123834881	0.576564580559251	0.2506666666666665	0.5909090909090909	61	128	Brooklyn
4040000	0.04307692307692306	0.8753846153846083	0.6076923076923079	0.7679127725856698	1	60	Queens
2017901	0.20535714285714277	0.09821428571428578	0.33134328358208914	0.1580547112462006	172	181	Bronx
3012700	0.4234354194407439	0.3595206391478022	0.645333333333334	0.5467914438502673	3	67	Brooklyn
3002000	0.41278295605858695	0.04793608521970707	0.9146666666666646	0.6925133689839572	3	67	Brooklyn
3013300	0.8095872170439343	0.9773635153129071	0.8946666666666648	0.9973262032085561	6	74	Brooklyn
3031100	0.21304926764314283	0.46471371504660264	0.43600000000000116	0.32887700534759357	11	83	Brooklyn
3029300	0.23834886817576617	0.43541944074567085	0.04666666666666665	0.11497326203208556	7	76	Brooklyn
3034500	0.11984021304926752	0.4074567243675087	0.1173333333333335	0.14171122994652408	2	64	Brooklyn
3029100	0.2663115845539285	0.4540612516644456	0.038666666666666655	0.20855614973262032	96	147	Brooklyn
2011502	0.6726190476190459	0.23511904761904734	0.16716417910447773	0.1702127659574468	241	205	Bronx
2009300	0.6071428571428557	0.2886904761904757	0.7701492537313432	0.4316109422492401	221 + 2*""	50 + Floor[10*Sqrt[221 + 2*""]]	Bronx
2044800	0.03571428571428571	0.9583333333333305	0.7074626865671637	0.9483282674772037	2	64	Bronx
1029100	0.1696113074204946	0.08127208480565368	0.028368794326241127	0.10469314079422383	223	199	Manhattan
2046202	0.1339285714285715	0.7261904761904742	0.6119402985074616	0.6170212765957447	18	92	Bronx
4081400	0.22153846153846204	0.23384615384615443	0.3353846153846162	0.4735202492211838	1	60	Queens
2046201	0.6249999999999984	0.8898809523809498	0.6417910447761185	0.6656534954407295	79	138	Bronx
2043000	0.05357142857142859	0.8154761904761881	0.7731343283582089	0.7781155015197568	108	153	Bronx
2043500	0.005952380952380952	0.5863095238095223	1.	0.6595744680851063	360	239	Bronx
2006900	0.31249999999999956	0.20238095238095222	0.28358208955223874	0.10638297872340426	10	81	Bronx
2014300	0.47023809523809423	0.19642857142857129	0.20000000000000015	0.00303951367781155	178	183	Bronx
3026500	0.29960053262316905	0.3528628495339541	0.268	0.5374331550802139	7	76	Brooklyn
3026700	0.3155792276964045	0.4966711051930736	0.2079999999999999	0.32486631016042783	12	84	Brooklyn
3024500	0.26364846870838926	0.6484687083888105	0.04266666666666665	0.5481283422459893	41 + ""	50 + Floor[10*Sqrt[41 + ""]]	Brooklyn
3024900	0.2969374167776298	0.7509986684420714	0.3120000000000004	0.49866310160427807	8	78	Brooklyn
2037800	0.404761904761904	0.565476190476189	0.10447761194029857	0.541033434650456	69	133	Bronx
5020700	0.16666666666666663	0.05555555555555555	0.6296296296296298	0.08411214953271028	43	115	Staten Island
3028100	0.3781624500665767	0.12782956058588532	0.05999999999999997	0.06417112299465241	121	160	Brooklyn
3028700	0.3195739014647134	0.5326231691078535	0.26666666666666666	0.12165775401069519	8	78	Brooklyn
1011900	0.36042402826855185	0.23321554770318006	0.14893617021276606	0.0036101083032490976	281	217	Manhattan
2024501	0.29464285714285676	0.42559523809523714	0.11641791044776127	0.2613981762917933	26	100	Bronx
1015802	0.5335689045936414	0.7773851590106042	0.6595744680851054	0.6028880866425993	10	81	Manhattan
1019000	0.12367491166077732	0.38162544169611384	0.6347517730496447	0.36823104693140796	27	101	Manhattan
3028300	0.30492676431424753	0.0838881491344873	0.023999999999999997	0.1697860962566845	306	224	Brooklyn
2012101	0.4910714285714275	0.15773809523809523	0.7164179104477608	0.3829787234042553	65 + ""	50 + Floor[10*Sqrt[65 + ""]]	Bronx
2012300	0.09821428571428578	0.34821428571428503	0.7134328358208951	0.15501519756838905	48	119	Bronx
2015500	0.17261904761904762	0.05654761904761907	0.008955223880597015	0.1458966565349544	213	195	Bronx
3025901	0.44340878828228825	0.3834886817576554	0.11866666666666684	0.32085561497326204	41	114	Brooklyn
2037300	0.49404761904761796	0.5089285714285702	0.49850746268656565	0.41033434650455924	208	194	Bronx
1012100	0.643109540636045	0.537102473498235	0.41843971631205723	0.3935018050541516	308	225	Manhattan
2021302	0.24404761904761882	0.27678571428571386	0.5671641791044765	0.44376899696048633	134	165	Bronx
3018501	0.2916111850865513	0.046604527296937426	0.004	0.020053475935828877	135	166	Brooklyn
2021301	0.2559523809523807	0.6458333333333316	0.5194029850746255	0.030395136778115502	154	174	Bronx
2039500	0.12500000000000008	0.4226190476190467	0.5970149253731332	0.2887537993920973	114	156	Bronx
3034700	0.04926764314247669	0.3435419440745667	0.2119999999999999	0.09759358288770054	35	109	Brooklyn
3038300	0.13182423435419433	0.5179760319573876	0.4946666666666682	0.5066844919786097	12	84	Brooklyn
1018900	0.31095406360424055	0.16607773851590096	0.07092198581560283	0.09386281588447654	12	84	Manhattan
2003500	0.24999999999999975	0.020833333333333332	0.6388059701492528	0.3373860182370821	148	171	Bronx
2003700	0.8124999999999978	0.3333333333333327	0.6835820895522381	0.00303951367781155*Boole[12000. <= Missing["KeyAbsent", 2.0037*^6]] + 0.00303951367781155*Boole[12467. <= Missing["KeyAbsent", 2.0037*^6]] + 0.00303951367781155*Boole[14334. <= Missing["KeyAbsent", 2.0037*^6]] + 0.00303951367781155*Boole[14479. <= Missing["KeyAbsent", 2.0037*^6]] + 0.00303951367781155*Boole[14821. <= Missing["KeyAbsent", 2.0037*^6]] + 0.00303951367781155*Boole[15343. <= Missing["KeyAbsent", 2.0037*^6]] + 0.00303951367781155*Boole[15707. <= Missing["KeyAbsent", 2.0037*^6]] + 0.00303951367781155*Boole[16027. <= Missing["KeyAbsent", 2.0037*^6]] + 0.00303951367781155*Boole[16161. <= Missing["KeyAbsent", 2.0037*^6]] + 0.00303951367781155*Boole[16378. <= Missing["KeyAbsent", 2.0037*^6]] + 0.00303951367781155*Boole[17147. <= Missing["KeyAbsent", 2.0037*^6]] + 0.00303951367781155*Boole[17226. <= Missing["KeyAbsent", 2.0037*^6]] + 0.00303951367781155*Boole[17719. <= Missing["KeyAbsent", 2.0037*^6]] + 0.00303951367781155*Boole[17756. <= Missing["KeyAbsent", 2.0037*^6]] + 0.00303951367781155*Boole[17771. <= Missing["KeyAbsent", 2.0037*^6]] + 0.00303951367781155*Boole[17782. <= Missing["KeyAbsent", 2.0037*^6]] + 0.00303951367781155*Boole[18086. <= Missing["KeyAbsent", 2.0037*^6]] + 0.00303951367781155*Boole[18269. <= Missing["KeyAbsent", 2.0037*^6]] + 0.00303951367781155*Boole[18358. <= Missing["KeyAbsent", 2.0037*^6]] + 0.00303951367781155*Boole[18499. <= Missing["KeyAbsent", 2.0037*^6]] + 0.00303951367781155*Boole[18507. <= Missing["KeyAbsent", 2.0037*^6]] + 0.00303951367781155*Boole[18633. <= Missing["KeyAbsent", 2.0037*^6]] + 0.00303951367781155*Boole[18636. <= Missing["KeyAbsent", 2.0037*^6]] + 0.00303951367781155*Boole[18641. <= Missing["KeyAbsent", 2.0037*^6]] + 0.00303951367781155*Boole[18664. <= Missing["KeyAbsent", 2.0037*^6]] + 0.00303951367781155*Boole[18720. <= Missing["KeyAbsent", 2.0037*^6]] + 0.00303951367781155*Boole[18799. <= Missing["KeyAbsent", 2.0037*^6]] + 0.00303951367781155*Boole[19293. <= Missing["KeyAbsent", 2.0037*^6]] + 0.00303951367781155*Boole[19362. <= Missing["KeyAbsent", 2.0037*^6]] + 0.00303951367781155*Boole[19418. <= Missing["KeyAbsent", 2.0037*^6]] + 0.00303951367781155*Boole[19458. <= Missing["KeyAbsent", 2.0037*^6]] + 0.00303951367781155*Boole[19630. <= Missing["KeyAbsent", 2.0037*^6]] + 0.00303951367781155*Boole[19669. <= Missing["KeyAbsent", 2.0037*^6]] + 0.00303951367781155*Boole[19740. <= Missing["KeyAbsent", 2.0037*^6]] + 0.00303951367781155*Boole[19741. <= Missing["KeyAbsent", 2.0037*^6]] + 0.00303951367781155*Boole[19818. <= Missing["KeyAbsent", 2.0037*^6]] + 0.00303951367781155*Boole[19923. <= Missing["KeyAbsent", 2.0037*^6]] + 0.00303951367781155*Boole[20028. <= Missing["KeyAbsent", 2.0037*^6]] + 0.00303951367781155*Boole[20153. <= Missing["KeyAbsent", 2.0037*^6]] + 0.00303951367781155*Boole[20229. <= Missing["KeyAbsent", 2.0037*^6]] + 0.00303951367781155*Boole[20849. <= Missing["KeyAbsent", 2.0037*^6]] + 0.00303951367781155*Boole[20852. <= Missing["KeyAbsent", 2.0037*^6]] + 0.00303951367781155*Boole[20891. <= Missing["KeyAbsent", 2.0037*^6]] + 0.00303951367781155*Boole[20918. <= Missing["KeyAbsent", 2.0037*^6]] + 0.00303951367781155*Boole[20985. <= Missing["KeyAbsent", 2.0037*^6]] + 0.00303951367781155*Boole[21016. <= Missing["KeyAbsent", 2.0037*^6]] + 0.00303951367781155*Boole[21122. <= Missing["KeyAbsent", 2.0037*^6]] + 0.00303951367781155*Boole[21136. <= Missing["KeyAbsent", 2.0037*^6]] + 0.00303951367781155*Boole[21180. <= Missing["KeyAbsent", 2.0037*^6]] + 0.00303951367781155*Boole[21228. <= Missing["KeyAbsent", 2.0037*^6]] + 0.00303951367781155*Boole[21300. <= Missing["KeyAbsent", 2.0037*^6]] + 0.00303951367781155*Boole[21376. <= Missing["KeyAbsent", 2.0037*^6]] + 0.00303951367781155*Boole[21384. <= Missing["KeyAbsent", 2.0037*^6]] + 0.00303951367781155*Boole[21448. <= Missing["KeyAbsent", 2.0037*^6]] + 0.00303951367781155*Boole[21582. <= Missing["KeyAbsent", 2.0037*^6]] + 0.00303951367781155*Boole[21765. <= Missing["KeyAbsent", 2.0037*^6]] + 0.00303951367781155*Boole[22000. <= Missing["KeyAbsent", 2.0037*^6]] + 0.00303951367781155*Boole[22097. <= Missing["KeyAbsent", 2.0037*^6]] + 0.00303951367781155*Boole[22250. <= Missing["KeyAbsent", 2.0037*^6]] + 0.00303951367781155*Boole[22566. <= Missing["KeyAbsent", 2.0037*^6]] + 0.00303951367781155*Boole[22711. <= Missing["KeyAbsent", 2.0037*^6]] + 0.00303951367781155*Boole[22719. <= Missing["KeyAbsent", 2.0037*^6]] + 0.00303951367781155*Boole[22721. <= Missing["KeyAbsent", 2.0037*^6]] + 0.00303951367781155*Boole[22747. <= Missing["KeyAbsent", 2.0037*^6]] + 0.00303951367781155*Boole[22917. <= Missing["KeyAbsent", 2.0037*^6]] + 0.00303951367781155*Boole[23045. <= Missing["KeyAbsent", 2.0037*^6]] + 0.00303951367781155*Boole[23160. <= Missing["KeyAbsent", 2.0037*^6]] + 0.00303951367781155*Boole[23167. <= Missing["KeyAbsent", 2.0037*^6]] + 0.00303951367781155*Boole[23267. <= Missing["KeyAbsent", 2.0037*^6]] + 0.00303951367781155*Boole[23279. <= Missing["KeyAbsent", 2.0037*^6]] + 0.00303951367781155*Boole[23485. <= Missing["KeyAbsent", 2.0037*^6]] + 0.00303951367781155*Boole[23500. <= Missing["KeyAbsent", 2.0037*^6]] + 0.00303951367781155*Boole[23583. <= Missing["KeyAbsent", 2.0037*^6]] + 0.00303951367781155*Boole[23720. <= Missing["KeyAbsent", 2.0037*^6]] + 0.00303951367781155*Boole[23724. <= Missing["KeyAbsent", 2.0037*^6]] + 0.00303951367781155*Boole[23856. <= Missing["KeyAbsent", 2.0037*^6]] + 0.00303951367781155*Boole[24115. <= Missing["KeyAbsent", 2.0037*^6]] + 0.00303951367781155*Boole[24142. <= Missing["KeyAbsent", 2.0037*^6]] + 0.00303951367781155*Boole[24160. <= Missing["KeyAbsent", 2.0037*^6]] + 0.00303951367781155*Boole[24250. <= Missing["KeyAbsent", 2.0037*^6]] + 0.00303951367781155*Boole[24277. <= Missing["KeyAbsent", 2.0037*^6]] + 0.00303951367781155*Boole[24278. <= Missing["KeyAbsent", 2.0037*^6]] + 0.00303951367781155*Boole[24480. <= Missing["KeyAbsent", 2.0037*^6]] + 0.00303951367781155*Boole[24759. <= Missing["KeyAbsent", 2.0037*^6]] + 0.00303951367781155*Boole[24799. <= Missing["KeyAbsent", 2.0037*^6]] + 0.00303951367781155*Boole[24864. <= Missing["KeyAbsent", 2.0037*^6]] + 0.00303951367781155*Boole[24914. <= Missing["KeyAbsent", 2.0037*^6]] + 0.00303951367781155*Boole[25022. <= Missing["KeyAbsent", 2.0037*^6]] + 0.00303951367781155*Boole[25100. <= Missing["KeyAbsent", 2.0037*^6]] + 0.00303951367781155*Boole[25271. <= Missing["KeyAbsent", 2.0037*^6]] + 0.00303951367781155*Boole[25282. <= Missing["KeyAbsent", 2.0037*^6]] + 0.00303951367781155*Boole[25452. <= Missing["KeyAbsent", 2.0037*^6]] + 0.00303951367781155*Boole[25483. <= Missing["KeyAbsent", 2.0037*^6]] + 0.00303951367781155*Boole[25605. <= Missing["KeyAbsent", 2.0037*^6]] + 0.00303951367781155*Boole[25702. <= Missing["KeyAbsent", 2.0037*^6]] + 0.00303951367781155*Boole[25724. <= Missing["KeyAbsent", 2.0037*^6]] + 0.00303951367781155*Boole[25741. <= Missing["KeyAbsent", 2.0037*^6]] + 0.00303951367781155*Boole[25847. <= Missing["KeyAbsent", 2.0037*^6]] + 0.00303951367781155*Boole[25870. <= Missing["KeyAbsent", 2.0037*^6]] + 0.00303951367781155*Boole[25875. <= Missing["KeyAbsent", 2.0037*^6]] + 0.00303951367781155*Boole[25891. <= Missing["KeyAbsent", 2.0037*^6]] + 0.00303951367781155*Boole[25974. <= Missing["KeyAbsent", 2.0037*^6]] + 0.00303951367781155*Boole[25990. <= Missing["KeyAbsent", 2.0037*^6]] + 0.00303951367781155*Boole[26071. <= Missing["KeyAbsent", 2.0037*^6]] + 0.00303951367781155*Boole[26076. <= Missing["KeyAbsent", 2.0037*^6]] + 0.00303951367781155*Boole[26250. <= Missing["KeyAbsent", 2.0037*^6]] + 0.00303951367781155*Boole[26295. <= Missing["KeyAbsent", 2.0037*^6]] + 0.00303951367781155*Boole[26348. <= Missing["KeyAbsent", 2.0037*^6]] + 0.00303951367781155*Boole[26486. <= Missing["KeyAbsent", 2.0037*^6]] + 0.00303951367781155*Boole[26496. <= Missing["KeyAbsent", 2.0037*^6]] + 0.00303951367781155*Boole[26541. <= Missing["KeyAbsent", 2.0037*^6]] + 0.00303951367781155*Boole[26645. <= Missing["KeyAbsent", 2.0037*^6]] + 0.00303951367781155*Boole[26706. <= Missing["KeyAbsent", 2.0037*^6]] + 0.00303951367781155*Boole[27000. <= Missing["KeyAbsent", 2.0037*^6]] + 0.00303951367781155*Boole[27128. <= Missing["KeyAbsent", 2.0037*^6]] + 0.00303951367781155*Boole[27174. <= Missing["KeyAbsent", 2.0037*^6]] + 0.00303951367781155*Boole[27212. <= Missing["KeyAbsent", 2.0037*^6]] + 0.00303951367781155*Boole[27222. <= Missing["KeyAbsent", 2.0037*^6]] + 0.00303951367781155*Boole[27311. <= Missing["KeyAbsent", 2.0037*^6]] + 0.00303951367781155*Boole[27316. <= Missing["KeyAbsent", 2.0037*^6]] + 0.00303951367781155*Boole[27371. <= Missing["KeyAbsent", 2.0037*^6]] + 0.00303951367781155*Boole[27380. <= Missing["KeyAbsent", 2.0037*^6]] + 0.00303951367781155*Boole[27456. <= Missing["KeyAbsent", 2.0037*^6]] + 0.00303951367781155*Boole[27553. <= Missing["KeyAbsent", 2.0037*^6]] + 0.00303951367781155*Boole[27697. <= Missing["KeyAbsent", 2.0037*^6]] + 0.00303951367781155*Boole[27813. <= Missing["KeyAbsent", 2.0037*^6]] + 0.00303951367781155*Boole[27841. <= Missing["KeyAbsent", 2.0037*^6]] + 0.00303951367781155*Boole[27946. <= Missing["KeyAbsent", 2.0037*^6]] + 0.00303951367781155*Boole[28039. <= Missing["KeyAbsent", 2.0037*^6]] + 0.00303951367781155*Boole[28125. <= Missing["KeyAbsent", 2.0037*^6]] + 0.00303951367781155*Boole[28203. <= Missing["KeyAbsent", 2.0037*^6]] + 0.00303951367781155*Boole[28240. <= Missing["KeyAbsent", 2.0037*^6]] + 0.00303951367781155*Boole[28615. <= Missing["KeyAbsent", 2.0037*^6]] + 0.00303951367781155*Boole[28643. <= Missing["KeyAbsent", 2.0037*^6]] + 0.00303951367781155*Boole[29033. <= Missing["KeyAbsent", 2.0037*^6]] + 0.00303951367781155*Boole[29188. <= Missing["KeyAbsent", 2.0037*^6]] + 0.00303951367781155*Boole[29302. <= Missing["KeyAbsent", 2.0037*^6]] + 0.00303951367781155*Boole[29426. <= Missing["KeyAbsent", 2.0037*^6]] + 0.00303951367781155*Boole[29978. <= Missing["KeyAbsent", 2.0037*^6]] + 0.00303951367781155*Boole[29987. <= Missing["KeyAbsent", 2.0037*^6]] + 0.00303951367781155*Boole[30089. <= Missing["KeyAbsent", 2.0037*^6]] + 0.00303951367781155*Boole[30159. <= Missing["KeyAbsent", 2.0037*^6]] + 0.00303951367781155*Boole[30301. <= Missing["KeyAbsent", 2.0037*^6]] + 0.00303951367781155*Boole[30339. <= Missing["KeyAbsent", 2.0037*^6]] + 0.00303951367781155*Boole[30354. <= Missing["KeyAbsent", 2.0037*^6]] + 0.00303951367781155*Boole[30362. <= Missing["KeyAbsent", 2.0037*^6]] + 0.00303951367781155*Boole[30437. <= Missing["KeyAbsent", 2.0037*^6]] + 0.00303951367781155*Boole[30661. <= Missing["KeyAbsent", 2.0037*^6]] + 0.00303951367781155*Boole[30726. <= Missing["KeyAbsent", 2.0037*^6]] + 0.00303951367781155*Boole[30957. <= Missing["KeyAbsent", 2.0037*^6]] + 0.00303951367781155*Boole[31028. <= Missing["KeyAbsent", 2.0037*^6]] + 0.00303951367781155*Boole[31147. <= Missing["KeyAbsent", 2.0037*^6]] + 0.00303951367781155*Boole[31292. <= Missing["KeyAbsent", 2.0037*^6]] + 0.00303951367781155*Boole[31324. <= Missing["KeyAbsent", 2.0037*^6]] + 0.00303951367781155*Boole[31786. <= Missing["KeyAbsent", 2.0037*^6]] + 0.00303951367781155*Boole[32064. <= Missing["KeyAbsent", 2.0037*^6]] + 0.00303951367781155*Boole[32244. <= Missing["KeyAbsent", 2.0037*^6]] + 0.00303951367781155*Boole[32312. <= Missing["KeyAbsent", 2.0037*^6]] + 0.00303951367781155*Boole[32340. <= Missing["KeyAbsent", 2.0037*^6]] + 0.00303951367781155*Boole[32364. <= Missing["KeyAbsent", 2.0037*^6]] + 0.0060790273556231*Boole[32500. <= Missing["KeyAbsent", 2.0037*^6]] + 0.00303951367781155*Boole[32663. <= Missing["KeyAbsent", 2.0037*^6]] + 0.00303951367781155*Boole[33095. <= Missing["KeyAbsent", 2.0037*^6]] + 0.00303951367781155*Boole[33365. <= Missing["KeyAbsent", 2.0037*^6]] + 0.00303951367781155*Boole[33465. <= Missing["KeyAbsent", 2.0037*^6]] + 0.00303951367781155*Boole[33487. <= Missing["KeyAbsent", 2.0037*^6]] + 0.00303951367781155*Boole[33506. <= Missing["KeyAbsent", 2.0037*^6]] + 0.00303951367781155*Boole[33708. <= Missing["KeyAbsent", 2.0037*^6]] + 0.00303951367781155*Boole[33785. <= Missing["KeyAbsent", 2.0037*^6]] + 0.00303951367781155*Boole[34009. <= Missing["KeyAbsent", 2.0037*^6]] + 0.00303951367781155*Boole[34191. <= Missing["KeyAbsent", 2.0037*^6]] + 0.00303951367781155*Boole[34290. <= Missing["KeyAbsent", 2.0037*^6]] + 0.00303951367781155*Boole[34643. <= Missing["KeyAbsent", 2.0037*^6]] + 0.00303951367781155*Boole[34705. <= Missing["KeyAbsent", 2.0037*^6]] + 0.00303951367781155*Boole[35221. <= Missing["KeyAbsent", 2.0037*^6]] + 0.00303951367781155*Boole[35227. <= Missing["KeyAbsent", 2.0037*^6]] + 0.00303951367781155*Boole[35625. <= Missing["KeyAbsent", 2.0037*^6]] + 0.00303951367781155*Boole[36156. <= Missing["KeyAbsent", 2.0037*^6]] + 0.00303951367781155*Boole[36691. <= Missing["KeyAbsent", 2.0037*^6]] + 0.00303951367781155*Boole[36768. <= Missing["KeyAbsent", 2.0037*^6]] + 0.00303951367781155*Boole[37043. <= Missing["KeyAbsent", 2.0037*^6]] + 0.00303951367781155*Boole[37061. <= Missing["KeyAbsent", 2.0037*^6]] + 0.00303951367781155*Boole[37236. <= Missing["KeyAbsent", 2.0037*^6]] + 0.00303951367781155*Boole[37250. <= Missing["KeyAbsent", 2.0037*^6]] + 0.00303951367781155*Boole[37303. <= Missing["KeyAbsent", 2.0037*^6]] + 0.00303951367781155*Boole[37634. <= Missing["KeyAbsent", 2.0037*^6]] + 0.00303951367781155*Boole[37685. <= Missing["KeyAbsent", 2.0037*^6]] + 0.00303951367781155*Boole[37811. <= Missing["KeyAbsent", 2.0037*^6]] + 0.00303951367781155*Boole[37829. <= Missing["KeyAbsent", 2.0037*^6]] + 0.00303951367781155*Boole[37936. <= Missing["KeyAbsent", 2.0037*^6]] + 0.00303951367781155*Boole[38250. <= Missing["KeyAbsent", 2.0037*^6]] + 0.00303951367781155*Boole[38289. <= Missing["KeyAbsent", 2.0037*^6]] + 0.00303951367781155*Boole[38333. <= Missing["KeyAbsent", 2.0037*^6]] + 0.00303951367781155*Boole[38487. <= Missing["KeyAbsent", 2.0037*^6]] + 0.00303951367781155*Boole[38542. <= Missing["KeyAbsent", 2.0037*^6]] + 0.00303951367781155*Boole[38603. <= Missing["KeyAbsent", 2.0037*^6]] + 0.00303951367781155*Boole[38796. <= Missing["KeyAbsent", 2.0037*^6]] + 0.00303951367781155*Boole[39432. <= Missing["KeyAbsent", 2.0037*^6]] + 0.00303951367781155*Boole[39457. <= Missing["KeyAbsent", 2.0037*^6]] + 0.00303951367781155*Boole[39625. <= Missing["KeyAbsent", 2.0037*^6]] + 0.00303951367781155*Boole[40331. <= Missing["KeyAbsent", 2.0037*^6]] + 0.00303951367781155*Boole[40497. <= Missing["KeyAbsent", 2.0037*^6]] + 0.00303951367781155*Boole[40638. <= Missing["KeyAbsent", 2.0037*^6]] + 0.00303951367781155*Boole[40731. <= Missing["KeyAbsent", 2.0037*^6]] + 0.00303951367781155*Boole[40755. <= Missing["KeyAbsent", 2.0037*^6]] + 0.00303951367781155*Boole[40903. <= Missing["KeyAbsent", 2.0037*^6]] + 0.00303951367781155*Boole[40950. <= Missing["KeyAbsent", 2.0037*^6]] + 0.00303951367781155*Boole[41047. <= Missing["KeyAbsent", 2.0037*^6]] + 0.00303951367781155*Boole[41190. <= Missing["KeyAbsent", 2.0037*^6]] + 0.00303951367781155*Boole[41250. <= Missing["KeyAbsent", 2.0037*^6]] + 0.00303951367781155*Boole[41455. <= Missing["KeyAbsent", 2.0037*^6]] + 0.00303951367781155*Boole[41487. <= Missing["KeyAbsent", 2.0037*^6]] + 0.00303951367781155*Boole[42070. <= Missing["KeyAbsent", 2.0037*^6]] + 0.00303951367781155*Boole[42093. <= Missing["KeyAbsent", 2.0037*^6]] + 0.00303951367781155*Boole[42207. <= Missing["KeyAbsent", 2.0037*^6]] + 0.00303951367781155*Boole[42750. <= Missing["KeyAbsent", 2.0037*^6]] + 0.00303951367781155*Boole[43038. <= Missing["KeyAbsent", 2.0037*^6]] + 0.00303951367781155*Boole[43205. <= Missing["KeyAbsent", 2.0037*^6]] + 0.00303951367781155*Boole[43304. <= Missing["KeyAbsent", 2.0037*^6]] + 0.00303951367781155*Boole[43313. <= Missing["KeyAbsent", 2.0037*^6]] + 0.00303951367781155*Boole[43611. <= Missing["KeyAbsent", 2.0037*^6]] + 0.00303951367781155*Boole[43722. <= Missing["KeyAbsent", 2.0037*^6]] + 0.00303951367781155*Boole[43889. <= Missing["KeyAbsent", 2.0037*^6]] + 0.00303951367781155*Boole[43929. <= Missing["KeyAbsent", 2.0037*^6]] + 0.00303951367781155*Boole[44318. <= Missing["KeyAbsent", 2.0037*^6]] + 0.00303951367781155*Boole[44455. <= Missing["KeyAbsent", 2.0037*^6]] + 0.00303951367781155*Boole[44771. <= Missing["KeyAbsent", 2.0037*^6]] + 0.00303951367781155*Boole[44773. <= Missing["KeyAbsent", 2.0037*^6]] + 0.00303951367781155*Boole[45069. <= Missing["KeyAbsent", 2.0037*^6]] + 0.00303951367781155*Boole[45127. <= Missing["KeyAbsent", 2.0037*^6]] + 0.00303951367781155*Boole[45673. <= Missing["KeyAbsent", 2.0037*^6]] + 0.00303951367781155*Boole[45739. <= Missing["KeyAbsent", 2.0037*^6]] + 0.00303951367781155*Boole[46250. <= Missing["KeyAbsent", 2.0037*^6]] + 0.00303951367781155*Boole[46278. <= Missing["KeyAbsent", 2.0037*^6]] + 0.00303951367781155*Boole[46953. <= Missing["KeyAbsent", 2.0037*^6]] + 0.00303951367781155*Boole[47232. <= Missing["KeyAbsent", 2.0037*^6]] + 0.00303951367781155*Boole[47361. <= Missing["KeyAbsent", 2.0037*^6]] + 0.00303951367781155*Boole[48056. <= Missing["KeyAbsent", 2.0037*^6]] + 0.00303951367781155*Boole[48298. <= Missing["KeyAbsent", 2.0037*^6]] + 0.00303951367781155*Boole[48396. <= Missing["KeyAbsent", 2.0037*^6]] + 0.00303951367781155*Boole[49013. <= Missing["KeyAbsent", 2.0037*^6]] + 0.00303951367781155*Boole[49519. <= Missing["KeyAbsent", 2.0037*^6]] + 0.00303951367781155*Boole[49529. <= Missing["KeyAbsent", 2.0037*^6]] + 0.00303951367781155*Boole[50074. <= Missing["KeyAbsent", 2.0037*^6]] + 0.00303951367781155*Boole[50139. <= Missing["KeyAbsent", 2.0037*^6]] + 0.00303951367781155*Boole[50238. <= Missing["KeyAbsent", 2.0037*^6]] + 0.00303951367781155*Boole[51176. <= Missing["KeyAbsent", 2.0037*^6]] + 0.00303951367781155*Boole[51298. <= Missing["KeyAbsent", 2.0037*^6]] + 0.00303951367781155*Boole[51443. <= Missing["KeyAbsent", 2.0037*^6]] + 0.00303951367781155*Boole[51515. <= Missing["KeyAbsent", 2.0037*^6]] + 0.00303951367781155*Boole[51536. <= Missing["KeyAbsent", 2.0037*^6]] + 0.00303951367781155*Boole[51692. <= Missing["KeyAbsent", 2.0037*^6]] + 0.00303951367781155*Boole[51701. <= Missing["KeyAbsent", 2.0037*^6]] + 0.00303951367781155*Boole[51806. <= Missing["KeyAbsent", 2.0037*^6]] + 0.00303951367781155*Boole[52096. <= Missing["KeyAbsent", 2.0037*^6]] + 0.00303951367781155*Boole[52279. <= Missing["KeyAbsent", 2.0037*^6]] + 0.00303951367781155*Boole[52344. <= Missing["KeyAbsent", 2.0037*^6]] + 0.00303951367781155*Boole[52450. <= Missing["KeyAbsent", 2.0037*^6]] + 0.00303951367781155*Boole[53750. <= Missing["KeyAbsent", 2.0037*^6]] + 0.00303951367781155*Boole[54167. <= Missing["KeyAbsent", 2.0037*^6]] + 0.00303951367781155*Boole[54232. <= Missing["KeyAbsent", 2.0037*^6]] + 0.00303951367781155*Boole[54306. <= Missing["KeyAbsent", 2.0037*^6]] + 0.00303951367781155*Boole[54726. <= Missing["KeyAbsent", 2.0037*^6]] + 0.00303951367781155*Boole[54904. <= Missing["KeyAbsent", 2.0037*^6]] + 0.00303951367781155*Boole[55573. <= Missing["KeyAbsent", 2.0037*^6]] + 0.00303951367781155*Boole[55739. <= Missing["KeyAbsent", 2.0037*^6]] + 0.00303951367781155*Boole[55833. <= Missing["KeyAbsent", 2.0037*^6]] + 0.00303951367781155*Boole[56429. <= Missing["KeyAbsent", 2.0037*^6]] + 0.00303951367781155*Boole[57438. <= Missing["KeyAbsent", 2.0037*^6]] + 0.00303951367781155*Boole[57564. <= Missing["KeyAbsent", 2.0037*^6]] + 0.00303951367781155*Boole[57716. <= Missing["KeyAbsent", 2.0037*^6]] + 0.00303951367781155*Boole[59063. <= Missing["KeyAbsent", 2.0037*^6]] + 0.00303951367781155*Boole[60135. <= Missing["KeyAbsent", 2.0037*^6]] + 0.00303951367781155*Boole[60518. <= Missing["KeyAbsent", 2.0037*^6]] + 0.00303951367781155*Boole[60625. <= Missing["KeyAbsent", 2.0037*^6]] + 0.00303951367781155*Boole[60682. <= Missing["KeyAbsent", 2.0037*^6]] + 0.00303951367781155*Boole[60694. <= Missing["KeyAbsent", 2.0037*^6]] + 0.00303951367781155*Boole[61563. <= Missing["KeyAbsent", 2.0037*^6]] + 0.00303951367781155*Boole[61886. <= Missing["KeyAbsent", 2.0037*^6]] + 0.00303951367781155*Boole[61938. <= Missing["KeyAbsent", 2.0037*^6]] + 0.00303951367781155*Boole[62275. <= Missing["KeyAbsent", 2.0037*^6]] + 0.00303951367781155*Boole[62286. <= Missing["KeyAbsent", 2.0037*^6]] + 0.00303951367781155*Boole[62656. <= Missing["KeyAbsent", 2.0037*^6]] + 0.00303951367781155*Boole[63017. <= Missing["KeyAbsent", 2.0037*^6]] + 0.00303951367781155*Boole[63421. <= Missing["KeyAbsent", 2.0037*^6]] + 0.00303951367781155*Boole[63516. <= Missing["KeyAbsent", 2.0037*^6]] + 0.00303951367781155*Boole[64957. <= Missing["KeyAbsent", 2.0037*^6]] + 0.00303951367781155*Boole[65938. <= Missing["KeyAbsent", 2.0037*^6]] + 0.00303951367781155*Boole[67083. <= Missing["KeyAbsent", 2.0037*^6]] + 0.00303951367781155*Boole[67727. <= Missing["KeyAbsent", 2.0037*^6]] + 0.00303951367781155*Boole[67813. <= Missing["KeyAbsent", 2.0037*^6]] + 0.00303951367781155*Boole[69701. <= Missing["KeyAbsent", 2.0037*^6]] + 0.00303951367781155*Boole[70162. <= Missing["KeyAbsent", 2.0037*^6]] + 0.00303951367781155*Boole[70552. <= Missing["KeyAbsent", 2.0037*^6]] + 0.00303951367781155*Boole[70682. <= Missing["KeyAbsent", 2.0037*^6]] + 0.00303951367781155*Boole[70759. <= Missing["KeyAbsent", 2.0037*^6]] + 0.00303951367781155*Boole[71780. <= Missing["KeyAbsent", 2.0037*^6]] + 0.00303951367781155*Boole[71849. <= Missing["KeyAbsent", 2.0037*^6]] + 0.00303951367781155*Boole[71913. <= Missing["KeyAbsent", 2.0037*^6]] + 0.00303951367781155*Boole[72019. <= Missing["KeyAbsent", 2.0037*^6]] + 0.00303951367781155*Boole[72034. <= Missing["KeyAbsent", 2.0037*^6]] + 0.00303951367781155*Boole[73688. <= Missing["KeyAbsent", 2.0037*^6]] + 0.00303951367781155*Boole[74254. <= Missing["KeyAbsent", 2.0037*^6]] + 0.00303951367781155*Boole[74836. <= Missing["KeyAbsent", 2.0037*^6]] + 0.00303951367781155*Boole[76429. <= Missing["KeyAbsent", 2.0037*^6]] + 0.0060790273556231*Boole[76771. <= Missing["KeyAbsent", 2.0037*^6]] + 0.00303951367781155*Boole[77045. <= Missing["KeyAbsent", 2.0037*^6]] + 0.00303951367781155*Boole[77216. <= Missing["KeyAbsent", 2.0037*^6]] + 0.00303951367781155*Boole[77917. <= Missing["KeyAbsent", 2.0037*^6]] + 0.00303951367781155*Boole[78456. <= Missing["KeyAbsent", 2.0037*^6]] + 0.00303951367781155*Boole[79773. <= Missing["KeyAbsent", 2.0037*^6]] + 0.00303951367781155*Boole[80139. <= Missing["KeyAbsent", 2.0037*^6]] + 0.00303951367781155*Boole[80673. <= Missing["KeyAbsent", 2.0037*^6]] + 0.00303951367781155*Boole[80724. <= Missing["KeyAbsent", 2.0037*^6]] + 0.00303951367781155*Boole[80846. <= Missing["KeyAbsent", 2.0037*^6]] + 0.00303951367781155*Boole[83077. <= Missing["KeyAbsent", 2.0037*^6]] + 0.00303951367781155*Boole[83393. <= Missing["KeyAbsent", 2.0037*^6]] + 0.00303951367781155*Boole[83917. <= Missing["KeyAbsent", 2.0037*^6]] + 0.00303951367781155*Boole[86983. <= Missing["KeyAbsent", 2.0037*^6]] + 0.00303951367781155*Boole[87238. <= Missing["KeyAbsent", 2.0037*^6]] + 0.00303951367781155*Boole[87483. <= Missing["KeyAbsent", 2.0037*^6]] + 0.00303951367781155*Boole[91125. <= Missing["KeyAbsent", 2.0037*^6]] + 0.00303951367781155*Boole[93452. <= Missing["KeyAbsent", 2.0037*^6]] + 0.00303951367781155*Boole[94695. <= Missing["KeyAbsent", 2.0037*^6]] + 0.00303951367781155*Boole[96701. <= Missing["KeyAbsent", 2.0037*^6]] + 0.00303951367781155*Boole[100750. <= Missing["KeyAbsent", 2.0037*^6]] + 0.00303951367781155*Boole[102045. <= Missing["KeyAbsent", 2.0037*^6]]	60	127	Bronx
2003100	0.5624999999999987	0.04166666666666667	0.9432835820895537	0.5623100303951368	562	287	Bronx
4000100	0.7784615384615315	0.9876923076922977	0.919999999999995	0.9984423676012462	925	354	Queens
2023704	0.09226190476190482	0.12500000000000008	0.9074626865671653	0.1337386018237082	55	124	Bronx
2023703	0.42559523809523725	0.14583333333333337	0.23283582089552257	0.3495440729483283	134	165	Bronx
2002000	0.7738095238095217	0.33035714285714224	0.24477611940298527	0.05167173252279635	206	193	Bronx
1019702	0.3250883392226152	0.3533568904593645	0.5602836879432624	0.3971119133574007	8	78	Manhattan
2009200	0.5654761904761891	0.6190476190476174	0.16417910447761205	0.5379939209726444	134	165	Bronx
2021502	0.18749999999999997	0.3601190476190469	0.3014925373134326	0.06382978723404255	187	186	Bronx
2016900	0.21428571428571416	0.5386904761904748	0.026865671641791045	0.3799392097264438	30	104	Bronx
2015100	0.28571428571428537	0.309523809523809	0.7223880597014922	0.4376899696048632	116	157	Bronx
3082000	0.11984021304926752	0.3075898801597868	0.15600000000000006	0.22459893048128343	72	134	Brooklyn
3031500	0.34753661784287543	0.5619174434087851	0.09600000000000009	0.6016042780748663	30	104	Brooklyn
3031900	0.37283621837549824	0.5512649800266282	0.05466666666666664	0.3141711229946524	82	140	Brooklyn
4027200	0.015384615384615387	0.47230769230769376	0.30769230769230843	0.46261682242990654	1	60	Queens
1021303	0.06713780918727913	0.2650176678445229	0.7482269503546081	0.23826714801444043	10	81	Manhattan
1020600	0.07773851590106004	0.2862190812720849	0.3687943262411352	0.2563176895306859	51	121	Manhattan
3031702	0.3408788282290273	0.6338215712383447	0.2773333333333335	0.5855614973262032	8	78	Brooklyn
3031300	0.14114513981358184	0.44074567243674934	0.6066666666666676	0.20053475935828877	8	78	Brooklyn
3038100	0.12117177097203716	0.1957390146471374	0.1426666666666668	0.0855614973262032	8	78	Brooklyn
2036902	0.14880952380952384	0.16369047619047616	0.1582089552238807	0.270516717325228	79	138	Bronx
2038100	0.4196428571428563	0.26190476190476153	0.11044776119402992	0.3069908814589666	95	147	Bronx
1022200	0.2473498233215546	0.3674911660777392	0.4397163120567381	0.1552346570397112	19	93	Manhattan
1004300	0.44169611307420614	0.37102473498233285	0.3333333333333337	0.45126353790613716	19	93	Manhattan
2006100	0.04464285714285715	0.9404761904761877	0.8776119402985083	0.729483282674772	1878	483	Bronx
2020100	0.3511904761904756	0.4017857142857134	0.7552238805970148	0.24012158054711247	203	192	Bronx
4094203	0.7492307692307633	0.49692307692307847	0.8015384615384585	0.13707165109034267	1827	477	Queens
2039300	0.27083333333333304	0.10119047619047626	0.22388059701492555	0.13069908814589665	74	136	Bronx
2038900	0.749999999999998	0.3511904761904755	0.42686567164179007	0.4012158054711246	106	152	Bronx
2023900	0.15773809523809523	0.2797619047619043	0.6149253731343273	0.13677811550151975	152	173	Bronx
2025300	0.20833333333333323	0.26785714285714246	0.1820895522388061	0.45592705167173253	109	154	Bronx
3080800	0.18508655126498025	0.05059920106524635	0.0013333333333333333	0.001336898395721925	292	220	Brooklyn
4026400	0.16923076923076955	0.42000000000000126	0.17384615384615415	0.4236760124610592	53	122	Queens
1023501	0.06360424028268549	0.20494699646643097	0.11347517730496459	0.18411552346570398	172	181	Manhattan
1023200	0.0176678445229682	0.19081272084805642	0.05319148936170211	0.10830324909747292	110	154	Manhattan
3034900	0.12782956058588538	0.24633821571238407	0.48933333333333484	0.10427807486631016	16	90	Brooklyn
1023502	0.08833922261484095	0.3074204946996469	0.099290780141844	0.11552346570397112	45	117	Manhattan
1013500	0.526501766784454	0.4169611307420505	0.5354609929078016	0.3898916967509025	103	151	Manhattan
1004000	0.7738515901060106	0.632508833922264	0.7340425531914877	0.5342960288808665	18	92	Manhattan
3050700	0.7909454061251596	0.2916111850865513	0.29466666666666697	0.11898395721925134	11	83	Brooklyn
2042902	0.5744047619047605	0.5505952380952367	0.044776119402985086	0.3768996960486322	209	194	Bronx
2006800	0.34821428571428514	0.610119047619046	0.6119402985074616	0.7203647416413373	4	70	Bronx
2035900	0.1934523809523809	0.24107142857142827	0.050746268656716435	0.17933130699088146	198	190	Bronx
2038700	0.788690476190474	0.437499999999999	0.07164179104477615	0.08814589665653495	65	130	Bronx
2021100	0.30357142857142816	0.4047619047619039	0.1343283582089553	0.22796352583586627	53	122	Bronx
2018900	0.5446428571428559	0.3065476190476185	0.2746268656716418	0.14893617021276595	171	180	Bronx
2040600	0.1517857142857143	0.7053571428571409	0.9194029850746281	0.6960486322188449	20	94	Bronx
4001600	0.7076923076923031	0.30153846153846237	0.41692307692307806	0.5404984423676013	1	60	Queens
1021100	0.33922261484098987	0.40989399293286316	0.5602836879432624	0.35018050541516244	23	97	Manhattan
2018302	0.5297619047619035	0.4702380952380941	0.27164179104477615	0.46808510638297873	50	120	Bronx
4015600	0.21230769230769278	0.19692307692307737	0.5492307692307702	0.2367601246105919	1	60	Queens
3112200	0.2769640479360855	0.09054593874833548	0.7373333333333328	0.12967914438502673	51	121	Brooklyn
3043100	0.5379494007989314	0.04926764314247671	0.29200000000000026	0.3449197860962567	17	91	Brooklyn
3039900	0.43142476697736165	0.11051930758988003	0.08666666666666671	0.14037433155080214	49	120	Brooklyn
1024500	0.24028268551236734	0.09540636042402822	0.25531914893617047	0.20216606498194944	55	124	Manhattan
1016800	0.30035335689045956	0.1802120141342755	0.08156028368794327	0.07942238267148015	70	133	Manhattan
2040100	0.4732142857142847	0.3422619047619041	0.06268656716417913	0.5075987841945289	27	101	Bronx
2039901	0.13690476190476197	0.10714285714285722	0.19104477611940313	0.1945288753799392	96	147	Bronx
2040502	0.2589285714285712	0.38988095238095155	0.07462686567164183	0.22188449848024316	14	87	Bronx
2038301	0.17857142857142855	0.392857142857142	0.3074626865671639	0.3252279635258359	35	109	Bronx
3039100	0.46870838881491106	0.1025299600532622	0.07866666666666669	0.20989304812834225	3	67	Brooklyn
3039300	0.5166444740346174	0.23568575233022687	0.1480000000000001	0.5721925133689839	9	80	Brooklyn
3042100	0.5685752330226327	0.0426098535286285	0.20133333333333328	0.19518716577540107	3	67	Brooklyn
3041900	0.5739014647137112	0.09187749667110512	0.04799999999999998	0.21524064171122995	9	80	Brooklyn
3041700	0.48735019973368576	0.0266311584553928	0.17333333333333334	0.04679144385026738	9	80	Brooklyn
3006500	0.8761651131824154	0.970705725699059	0.8279999999999986	0.9692513368983957	16	90	Brooklyn
2038302	0.02976190476190476	0.18154761904761896	0.14328358208955233	0.19756838905775076	44	116	Bronx
3037300	0.2676431424766981	0.23834886817576617	0.3840000000000008	0.0962566844919786	21	95	Brooklyn
3023100	0.4833555259653769	0.8841544607190336	0.28133333333333355	0.8328877005347594	166	178	Brooklyn
2016500	0.09821428571428578	0.21428571428571408	0.6895522388059695	0.3404255319148936	41	114	Bronx
2022902	0.38392857142857073	0.11904761904761914	0.1134328358208956	0.23708206686930092	32	106	Bronx
3052700	0.5525965379493972	0.18109187749667124	0.1533333333333334	0.15240641711229946	28	102	Brooklyn
3114400	0.3262316910785615	0.24367509986684477	0.31466666666666704	0.06951871657754011	16	90	Brooklyn
3050500	0.5219707057256959	0.1611185086551265	0.23066666666666658	0.11229946524064172	76	137	Brooklyn
4040200	0.02	0.7476923076923035	0.2969230769230776	0.8707165109034268	1	60	Queens
2019700	0.45238095238095144	0.45833333333333226	0.791044776119403	0.303951367781155	175	182	Bronx
3029900	0.05459387483355526	0.11850865512649784	0.1066666666666668	0.05080213903743316	3	67	Brooklyn
2022102	0.46726190476190377	0.03273809523809523	0.08656716417910452	0.07598784194528875	45	117	Bronx
2041800	0.3065476190476186	0.6488095238095221	0.5283582089552225	0.5775075987841946	61	128	Bronx
4021400	0.3215384615384624	0.36307692307692413	0.07076923076923076	0.2632398753894081	2	64	Queens
5004000	0.07407407407407407	0.09259259259259259	0.1111111111111111	0.102803738317757	198	190	Staten Island
3017900	0.36218375499334127	0.46471371504660264	0.46000000000000135	0.4425133689839572	305	224	Brooklyn
1022102	0.15194346289752642	0.59010600706714	0.23049645390070944	0.2779783393501805	54	123	Manhattan
2022701	0.360119047619047	0.3869047619047611	0.5402985074626852	0.4194528875379939	94	146	Bronx
2011700	0.6934523809523792	0.5029761904761892	0.26567164179104485	0.2826747720364742	49	120	Bronx
2025500	0.2738095238095235	0.1607142857142857	0.23880597014925392	0.09422492401215805	9	80	Bronx
1026100	0.16254416961130733	0.0176678445229682	0.03546099290780141	0.1263537906137184	26	100	Manhattan
1025900	0.18374558303886915	0.33922261484098987	0.18794326241134768	0.36101083032490977	8	78	Manhattan
3059600	0.9107856191744256	0.8988015978694994	0.6373333333333341	0.7005347593582888	540	282	Brooklyn
3035300	0.33155792276963997	0.2956058588548602	0.7053333333333331	0.2874331550802139	48	119	Brooklyn
4000600	0.3953846153846165	0.15846153846153876	0.11384615384615397	0.38161993769470404	4	70	Queens
1023300	0.20141342756183733	0.32155477031802154	0.4751773049645396	0.26714801444043323	40	113	Manhattan
3000501	0.7629826897469975	0.9613848202396716	0.6893333333333332	0.9705882352941176	189	187	Brooklyn
2027900	0.7976190476190455	0.7113095238095218	0.7671641791044775	0.8085106382978723	171	180	Bronx
3113000	0.046604527296937405	0.3661784287616503	0.08800000000000005	0.09358288770053476	212	195	Brooklyn
3116600	0.320905459387483	0.46604527296937226	0.14400000000000013	0.18449197860962566	47	118	Brooklyn
3113200	0.12383488681757643	0.5099866844207699	0.47333333333333477	0.5120320855614974	12	84	Brooklyn
3112600	0.26098535286284996	0.23169107856191792	0.08000000000000003	0.30080213903743314	29	103	Brooklyn
3112800	0.1757656458055927	0.4687083888149115	0.15066666666666675	0.18850267379679145	57	125	Brooklyn
2006300	0.7172619047619029	0.44940476190476086	0.5820895522388049	0.47416413373860183	134	165	Bronx
3003300	0.6511318242343492	0.7976031957390082	0.8679999999999984	0.9612299465240641	123	160	Brooklyn
3051300	0.7723035952063848	0.5739014647137117	0.8586666666666651	0.7553475935828877	34	108	Brooklyn
3055100	0.6884154460718986	0.7190412782956005	0.3600000000000006	0.7259358288770054	19	93	Brooklyn
3052500	0.8521970705725622	0.10652463382157112	0.9333333333333312	0.0427807486631016	21	95	Brooklyn
4099200	0.37230769230769334	0.14153846153846178	0.03846153846153845	0.07009345794392523	154	174	Queens
2012701	0.6130952380952366	0.31249999999999944	0.8179104477611944	0.0729483282674772	29	103	Bronx
1023000	0.08127208480565368	0.15547703180212005	0.12056737588652489	0.20577617328519857	206	193	Manhattan
2017300	0.39880952380952306	0.06250000000000003	0.21194029850746285	0.0790273556231003	116	157	Bronx
2018102	0.26190476190476164	0.2380952380952378	0.40597014925373054	0.5835866261398176	36	110	Bronx
2017500	0.06845238095238099	0.20833333333333315	0.435820895522387	0.17325227963525835	160	176	Bronx
2017902	0.1607142857142857	0.023809523809523808	0.47164179104477477	0.1276595744680851	127	162	Bronx
3032800	0.2729693741677766	0.0985352862849533	0.04933333333333331	0.42245989304812837	5	72	Brooklyn
3021100	0.39414114513981224	0.5898801597869472	0.5026666666666683	0.3689839572192513	159	176	Brooklyn
3119400	0.3515312916111843	0.1984021304926767	0.6240000000000009	0.15641711229946523	28	102	Brooklyn
2006200	0.3422619047619042	0.011904761904761904	0.665671641791044	0.25227963525835867	118	158	Bronx
2005600	0.5148809523809512	0.17559523809523803	0.2686567164179105	0.04559270516717325	108	153	Bronx
2040303	0.6101190476190461	0.30357142857142805	0.49253731343283436	0.6231003039513677	31	105	Bronx
3090000	0.11318242343541933	0.3675099866844199	0.5693333333333345	0.08155080213903744	20	94	Brooklyn
3089400	0.10652463382157114	0.7203728362183701	0.23999999999999988	0.37433155080213903	16	90	Brooklyn
1022900	0.19081272084805642	0.14487632508833914	0.1063829787234043	0.18772563176895307	86	142	Manhattan
1020800	0.19434628975265006	0.39222614840989484	0.219858156028369	0.2743682310469314	181	184	Manhattan
2004800	0.3095238095238091	0.04464285714285715	0.46268656716417783	0.43465045592705165	69	133	Bronx
2037900	0.30357142857142816	0.3660714285714278	0.2626865671641792	0.3860182370820669	8	78	Bronx
2023702	0.05059523809523811	0.1101190476190477	0.4835820895522374	0.49240121580547114	36	110	Bronx
4044400	0.18769230769230807	0.03999999999999999	0.24923076923076978	0.0514018691588785	89	144	Queens
5011202	0.6018518518518517	0.5277777777777773	0.48148148148148107	0.4953271028037383	100	150	Staten Island
4033401	0.09846153846153853	0.4246153846153859	0.1476923076923079	0.6931464174454829	139	167	Queens
1021000	0.014134275618374558	0.3250883392226152	0.19148936170212782	0.1299638989169675	625	300	Manhattan
3110400	0.1011984021304926	0.47669773635152923	0.3013333333333337	0.3890374331550802	6	74	Brooklyn
3030500	0.48069241011983765	0.7217043941411397	0.6973333333333332	0.7419786096256684	16	90	Brooklyn
3022100	0.4034620505991996	0.5818908122503295	0.24266666666666653	0.23529411764705882	10	81	Brooklyn
1009700	0.5865724381625463	0.3780918727915202	0.1666666666666668	0.2851985559566787	1506	438	Manhattan
3027000	0.7110519307589822	0.5233022636484661	0.6080000000000009	0.5307486631016043	71	134	Brooklyn
4050201	0.07538461538461538	0.32615384615384707	0.3723076923076933	0.7897196261682243	1	60	Queens
4019200	0.24153846153846212	0.2753846153846161	0.31846153846153924	0.6651090342679128	1	60	Queens
1023100	0.2932862190812722	0.25088339222614825	0.2872340425531918	0.296028880866426	39	112	Manhattan
1025100	0.28268551236749123	0.04593639575971731	0.05673758865248225	0.10108303249097472	44	116	Manhattan
3042300	0.6245006657789568	0.029294274300932076	0.2146666666666666	0.5387700534759359	14	87	Brooklyn
3044500	0.5419440745672403	0.08255659121171767	0.670666666666667	0.36363636363636365	8	78	Brooklyn
3045300	0.5272969374167744	0.16511318242343545	0.06533333333333331	0.6109625668449198	5	72	Brooklyn
3036100	0.0559254327563249	0.3462050599201059	0.03599999999999999	0.07352941176470588	31	105	Brooklyn
1016200	0.20494699646643097	0.17667844522968187	0.021276595744680847	0.04693140794223827	203	192	Manhattan
3110600	0.16644474034620518	0.21438082556591248	0.1586666666666667	0.058823529411764705	240	204	Brooklyn
4012301	0.9276923076922962	0.79538461538461	0.4107692307692319	0.8940809968847352	84	141	Queens
4093402	0.8799999999999898	0.736923076923073	0.2784615384615391	0.7180685358255452	8	78	Queens
3116200	0.07856191744340876	0.6830892143808207	0.20666666666666658	0.3609625668449198	6	74	Brooklyn
3043300	0.5206391478029263	0.03994673768308921	0.16533333333333336	0.25267379679144386	6	74	Brooklyn
5012804	0.546296296296296	0.2592592592592591	0.6388888888888891	0.27102803738317754	7	76	Staten Island
4097204	0.33846153846153937	0.10461538461538473	0.12307692307692321	0.08411214953271028	101	150	Queens
3091000	0.15446071904127834	0.06524633821571241	0.005333333333333333	0.00267379679144385	101	150	Brooklyn
3044100	0.5326231691078529	0.027962716378162437	0.26933333333333337	0.5106951871657754	5	72	Brooklyn
3042900	0.6085219707057213	0.018641810918774964	0.17066666666666666	0.42379679144385024	9	80	Brooklyn
3040300	0.24500665778961442	0.28628495339547283	0.04133333333333332	0.08288770053475936	5	72	Brooklyn
3001100	0.6431424766977315	0.9826897470039856	0.9186666666666645	0.9652406417112299	18	92	Brooklyn
2037200	0.06250000000000003	0.7976190476190453	0.22686567164179122	0.7112462006079028	1	60	Bronx
3051100	0.5832223701730985	0.3155792276964045	0.5906666666666677	0.1323529411764706	28	102	Brooklyn
2012102	0.5119047619047608	0.220238095238095	0.20298507462686582	0.11550151975683891	173	181	Bronx
1024900	0.09893992932862186	0.08480565371024731	0.024822695035460987	0.24187725631768953	13	86	Manhattan
2041100	0.7023809523809506	0.7529761904761884	0.4477611940298496	0.6352583586626139	57	125	Bronx
3019300	0.4394141145139794	0.8415446071904057	0.2026666666666666	0.6042780748663101	79	138	Brooklyn
